{
  "TARGET_MEAN": 6.857403755187988,
  "TARGET_STD": 1.2826473712921143,
  "IN_CHANNELS": 11,
  "EDGE_DIM": 4,
  "HIDDEN": 64,
  "BEST_MODEL": "GCN",
  "gcn_test_mae": 0.33957403898239136,
  "gat_test_mae": 0.4859147071838379
}