{
  "IN_CHANNELS": 9,
  "EDGE_DIM": 3,
  "TOX21_TASKS": 12,
  "ESOL_MEAN": -3.040055274963379,
  "ESOL_STD": 2.07783842086792,
  "LIPO_MEAN": 2.208101272583008,
  "LIPO_STD": 1.1908053159713745
}